{
    "$schema": "http://json-schema.org/draft-04/schema#",
    "description": "A time zone, following the format defined in the IANA tz database (https://www.iana.org/time-zones). Valid examples are America/New_York and Etc/UTC. Do not use ambiguous, non-qualified values such as EST or GB. Before including this type in your interface, please consider whether it is actually appropriate to convey time zone information with your type. It is almost always the case that this should be transformed from UTC at the time of display to the user; this type might therefore be most associated with user-preference APIs.",
    "type": "string",
    "minLength": 1,
    "maxLength": 127,
    "format": "paypal_common_time_zone_v1"
}
