{
    "description": "A time, as represented by the full-time section of RFC 3339, section 5.6. Implementers SHOULD consider whether the `date_time` schema is more appropriate for their needs before using this schema. Unlike RFC 3339, we do define a practical if impractically precise length limit on the number of fractional seconds.",
    "type": "string",
    "format": "paypal_common_time_nodate_v1",
    "minLength": 9,
    "maxLength": 64,
    "pattern": "^([0-1][0-9]|2[0-3]):[0-5][0-9]:([0-5][0-9]|60)(\\.[0-9]+)?([Zz]|[+-][0-9]{2}:[0-9]{2})$"
}
